Company Name,Booth Number,Address,City,State,Zip,Country,Phone,Website,Email,Description,Detail Page URL,Scraped Date
APsystems,V10131,8627 N. Mopac Expy,Austin,TX,78759,United States of America,+1-844-279-8600,https://usa.apsystems.com/,N/A,"Scan your badge or drop off your business card at the APsystems booth.
We’ll spin the wheel daily at 4 PM (Tuesday & Wednesday) to pick one lucky winner!
One winner each day — must be present to win!
Don’t miss your shot!",https://re25.mapyourshow.com/8_0/exhibitor/exhibitor-details.cfm?exhid=3542,2025-10-25 23:30:03
Built Robotics,V12692,225 7th Street,San Francisco,California,94103,United States of America,+1-415-343-7870,https://www.builtrobotics.com/,N/A,"About Built Robotics
Built Robotics’ mission is to build the robots that build the world. By automating repetitive tasks in the $300 billion solar industry, Built is bridging the workforce gap to accelerate our transition to clean energy.",https://re25.mapyourshow.com/8_0/exhibitor/exhibitor-details.cfm?exhid=9482893,2025-10-25 23:30:09
"CHINA QUALITY CERTIFICATION CENTRE Co.,Ltd.",V3087,"BEIJING,CHINA 100070",N/A,N/A,N/A,N/A,+1-537-010-8388,https://www.cqc.com.cn/www/english/,N/A,"About CHINA QUALITY CERTIFICATION CENTRE Co.,Ltd.
China Quality Certification Centre (CQC) is a third - party professional certification body approved by the Chinese government and recognized by multiple foreign governments and international authoritative organizations. CQC was reorganized in 2002 from the former China Import and Export Commodity Quality Certification Center, the Secretariat of the former China Certification Committee for Electrical Equipment, and five other institutions. After ",https://re25.mapyourshow.com/8_0/exhibitor/exhibitor-details.cfm?exhid=92385890,2025-10-25 23:30:15
Carhartt Company Gear™,V13123,5750 Mercury Drive,Dearborn,MI,48126,United States of America,+1-512-788-0024,https://companygear.carhartt.com/why-carhartt,N/A,"About Carhartt Company Gear™
For 135+ years, Carhartt has been trusted by trade professionals to take on the toughest jobs. But our durable, high-quality uniform solutions provide more than just protection. The right gear can help your business reduce replacement costs, elevate your brand image, boost morale and retain skilled workers. Which is why Carhartt Company Gear™ was designed from the ground up to outfit teams of 10 to 10,000+ with workwear that help crews and companies perform their bes",https://re25.mapyourshow.com/8_0/exhibitor/exhibitor-details.cfm?exhid=8799897,2025-10-25 23:30:12
ComAp,F15725,10 N Martingale Rd #400,Schaumburg,IL,61073,United States of America,+1-815-636-2541,http://www.comap-control.com/,N/A,"About ComAp
Renewable energy and battery energy storage systems are quickly transforming traditional power systems from fossil-fuelled generation to a hybrid mix of resources. Our smart control solutions effectively integrate generators, renewables and energy storage to ensure the reliability of traditional power generation systems and, at the same time reduce energy costs, extend fuel supplies, reduce your environmental impact and provide greater energy resilience.",https://re25.mapyourshow.com/8_0/exhibitor/exhibitor-details.cfm?exhid=8800065,2025-10-25 23:30:19
Cyber Energia,V2855,8thfloor 245,N/A,N/A,N/A,United Kingdom,+1-078-500-3450,http://cyberenergia.com/,N/A,"About Cyber Energia
Founded in 2022, Cyber Energia is a trusted cybersecurity service provider exclusively dedicated to protecting the renewable energy industry from cyber threats. Our solutions are purpose-built for the unique challenges of renewable operational technology (OT), ensuring that critical infrastructure remains secure, resilient, and compliant. With a deep understanding of the intricacies of renewable energy assets, we provide tailored cybersecurity solutions that integrate onsite ",https://re25.mapyourshow.com/8_0/exhibitor/exhibitor-details.cfm?exhid=92386142,2025-10-25 23:30:23
EG4 Electronics,V8119,1130 Como Street S.,Sulphur Springs,TEXAS,75482,United States of America,+1-903-440-6589,https://eg4electronics.com/,N/A,"About EG4 Electronics
Power you can count on. People you can trust. Our company was built on a simple belief: homeowners deserve reliable, high-performance energy systems without the hassle or the high price tag. Find out how you can have energy on your terms.",https://re25.mapyourshow.com/8_0/exhibitor/exhibitor-details.cfm?exhid=32409730,2025-10-25 23:30:25
"EVS, Inc.",F15745,10025 Valley View Rd Suite 140,Eden Prairie,MN,55344,United States of America,+1-952-646-0236,https://evs-eng.com/,N/A,"EVS has launched proprietary software which optimizes grading calculations, minimizing earthwork, and streamlining solar site planning.
- Lightning Fast Results (Days of work done in minutes)
- Pinpoint Accuracy (Pile heights set to 0.01 feet)
- Multi-Scenario Testing (Evaluate racking systems, slopes and constraints)
- Balanced Cut & Fill (Reduce haul distances and soil costs)
- Construction Ready Output (Includes optimized pile data and analytics report)
- Field Proven (Already delivering resu",https://re25.mapyourshow.com/8_0/exhibitor/exhibitor-details.cfm?exhid=92385846,2025-10-25 23:30:31
"Electrical Consultants, Inc.",V13526,3521 Gabel Road,Billings,MT,59102,United States of America,+1-406-259-9933,http://www.eciusa.com/,N/A,"About Electrical Consultants, Inc.
Headquartered in Billings, MT, Electrical Consultants, Inc., along with our wholly owned subsidiary, EPC Services Company, offers electrical and civil engineering, environmental, surveying & right of way, electrical startup & testing, design construct services and construction management and inspection to electric utilities, industrials, renewable energy developers and telecommunications companies. With offices located nationwide, ECI provides transmission, dis",https://re25.mapyourshow.com/8_0/exhibitor/exhibitor-details.cfm?exhid=1007,2025-10-25 23:30:28
Fluke Corporation,V2065,6920 Seaway Blvd,Everett,WA,98203,United States of America,+1-800-443-5853,http://www.fluke.com/,N/A,"About Fluke Corporation
As the world leader in the manufacture, distribution and service of electronic test tools and software, Fluke is committed to advancing sustainability at a global level. The growth of the renewable energy industry requires new testing equipment solutions for electricians, installers, and technicians involved with installation, maintenance and service who need precision measurement, quality control and reporting abilities. From solar clamp meters, solar irradiance meters a",https://re25.mapyourshow.com/8_0/exhibitor/exhibitor-details.cfm?exhid=8799711,2025-10-25 23:30:34
